iter	RMSE
0	11.47507496
1	10.9480483322	10.4520934233	9.95648842444	9.494380653
