iter	RMSE	RMSE
0	11.44774842	11.48952169
1	10.91963415	10.96356965
2	10.42159823	10.43609165
3	9.90762985	9.977736831
4	9.441836419	9.545813913
