iter	RMSE	RMSE
0	11.13233301	11.14580788
1	10.27477516	10.34097908
2	9.538657852	9.588355754
3	8.80477484	8.884087513
4	8.139841042	8.237092597
