iter	RMSE
0	11.14611418
1	10.29943106
2	9.53709955233	8.816120144	4	8.162261634
